Group.1,x
Broadleaf Log/Entire tree,5.39285714285714
Broadleaf Stump,4.56410256410256
Conifer Log/Entire Tree,4.50378787878788
Conifer Stump,3.94267515923567
No ID,3.52941176470588
