Group.1,x
Broadleaf Log/Entire tree,1.29484492377403
Broadleaf Stump,0.883955043098134
Conifer Log/Entire Tree,1.40093215391512
Conifer Stump,1.08080365209347
No ID,0.727606875108999
