Var1,Freq,Percentage
Broadleaf Log/Entire tree,56,10.5065666041276
Broadleaf Stump,39,7.31707317073171
Conifer Log/Entire Tree,264,49.53095684803
Conifer Stump,157,29.4559099437148
No ID,17,3.18949343339587
