Group.1,x
Broadleaf Log/Entire tree,10.2265201454705
Broadleaf Stump,14.1483841702464
Conifer Log/Entire Tree,10.8906227601091
Conifer Stump,18.1926143903787
No ID,19.4206965859197
