Group.1,x
Broadleaf Log/Entire tree,3.17857142857143
Broadleaf Stump,3.53846153846154
Conifer Log/Entire Tree,3.08333333333333
Conifer Stump,3.07006369426752
No ID,2.82352941176471
