Group.1,x
Broadleaf Log/Entire tree,6.43196158804838
Broadleaf Stump,1.58603895543305
Conifer Log/Entire Tree,3.13207144378572
Conifer Stump,1.83708952581341
No ID,0.874474632195206
