Group.1,x
Broadleaf Log/Entire tree,32.5714285714286
Broadleaf Stump,48.0820512820513
Conifer Log/Entire Tree,32.5738636363636
Conifer Stump,49.8178343949045
No ID,43.8294117647059
