Group.1,x
Broadleaf Stump,1.10452388360175
Conifer Stump,1.07849678535523
No ID,1.30410326226026
