Group.1,x
Broadleaf Stump,0.416666666666667
Conifer Stump,0.451656050955414
No ID,7.17225519287834
