Group.1,x
Broadleaf Stump,0.201093501862263
Conifer Stump,0.232830540152908
No ID,4.96722983965116
