Group.1,x
Broadleaf Stump,4.87179487179487
Conifer Stump,4.12738853503185
No ID,4.06824925816024
