Group.1,WoodpeckerCavities,Concavities,Rotholes,InsectGalleries,ExposedHeartwood,PerennialFungi,Ephermalfungi,Epiphytes,DeadwooodShelter,StumpStructures,LogStructures,WoodyDebris,ExposedRoots,DeadwoodIdentitiesGrouped
Decay stage 1,0.04,0.12,0.24,0.48,0.08,0,3.16,0.08,0.04,0,0,0,0.12,NA
Decay stage 2,0.0234375,0.3203125,0.109375,0.8359375,0.0390625,0,0.90625,0.1640625,0.15625,0.0390625,0.1015625,0.0234375,0.0546875,NA
Decay stage 3,0.121019108280255,0.299363057324841,0.140127388535032,0.00636942675159236,0.222929936305732,0,1.48407643312102,0.165605095541401,0.369426751592357,0.152866242038217,0.299363057324841,0.10828025477707,0.0636942675159236,NA
Decay stage 4,0.009009009009009,0.531531531531532,0.135135135135135,0,0.126126126126126,0,1.14414414414414,0.225225225225225,0.171171171171171,0.306306306306306,0.0810810810810811,0.126126126126126,0.225225225225225,NA
Decay stage 5,0,0.419642857142857,0.0803571428571429,0,0.160714285714286,0,1.04464285714286,0.232142857142857,0.339285714285714,0.633928571428571,0.178571428571429,0.116071428571429,0.151785714285714,NA
