Var1,Freq,Percentage
Broadleaf Stump,39,7.31707317073171
Conifer Stump,157,29.4559099437148
No ID,337,63.2270168855535
